what,kind,bundleId,bundleVersion,description,time
started,bundle,org.eclipse.jdt.ui,3.5.2.r352_v20100106-0800,"org.eclipse.jdt.ui",1291621371283
started,bundle,org.eclipse.jface,3.5.2.M20100120-0800,"org.eclipse.jface",1291621371289
started,bundle,org.eclipse.jsch.core,1.1.100.I20090430-0408,"org.eclipse.jsch.core",1291621371293
started,bundle,org.eclipse.ltk.core.refactoring,3.5.0.v20090513-2000,"org.eclipse.ltk.core.refactoring",1291621371306
started,bundle,org.eclipse.ltk.ui.refactoring,3.4.101.r352_v20100209,"org.eclipse.ltk.ui.refactoring",1291621371311
started,bundle,org.eclipse.mylyn.bugzilla.core,3.2.3.v20100217-0100-e3x,"org.eclipse.mylyn.bugzilla.core",1291621371324
started,bundle,org.eclipse.mylyn.bugzilla.ui,3.2.3.v20100217-0100-e3x,"org.eclipse.mylyn.bugzilla.ui",1291621371329
started,bundle,org.eclipse.mylyn.commons.net,3.2.0.v20090617-0100-e3x,"org.eclipse.mylyn.commons.net",1291621371329
started,bundle,org.eclipse.mylyn.commons.ui,3.2.3.v20100217-0100-e3x,"org.eclipse.mylyn.commons.ui",1291621371342
started,bundle,org.eclipse.mylyn.context.core,3.2.3.v20100217-0100-e3x,"org.eclipse.mylyn.context.core",1291621371342
started,bundle,org.eclipse.mylyn.context.ui,3.2.3.v20100217-0100-e3x,"org.eclipse.mylyn.context.ui",1291621371360
started,bundle,org.eclipse.mylyn.monitor.ui,3.2.3.v20100217-0100-e3x,"org.eclipse.mylyn.monitor.ui",1291621371369
started,bundle,org.eclipse.mylyn.tasks.ui,3.2.3.v20100217-0100-e3x,"org.eclipse.mylyn.tasks.ui",1291621371382
started,bundle,org.eclipse.mylyn.team.ui,3.2.3.v20100217-0100-e3x,"org.eclipse.mylyn.team.ui",1291621371386
started,bundle,org.eclipse.search,3.5.1.r351_v20090708-0800,"org.eclipse.search",1291621371394
started,bundle,org.eclipse.team.core,3.5.1.r35x_20100113-0800,"org.eclipse.team.core",1291621371404
started,bundle,org.eclipse.team.cvs.core,3.3.200.I20090430-0408,"org.eclipse.team.cvs.core",1291621371412
started,bundle,org.eclipse.team.cvs.ui,3.3.202.r35x_20090930-0800,"org.eclipse.team.cvs.ui",1291621371433
started,bundle,org.eclipse.team.ui,3.5.0.I20090430-0408,"org.eclipse.team.ui",1291621371443
started,bundle,org.eclipse.ui,3.5.2.M20100120-0800,"org.eclipse.ui",1291621371451
started,bundle,org.eclipse.ui.console,3.4.0.v20090513,"org.eclipse.ui.console",1291621371463
started,bundle,org.eclipse.ui.editors,3.5.0.v20090527-2000,"org.eclipse.ui.editors",1291621371463
started,bundle,org.eclipse.ui.forms,3.4.1.v20090714_35x,"org.eclipse.ui.forms",1291621371473
started,bundle,org.eclipse.ui.ide,3.5.2.M20100113-0800,"org.eclipse.ui.ide",1291621371486
started,bundle,org.eclipse.ui.net,1.2.1.r35x_20090812-1200,"org.eclipse.ui.net",1291621371498
started,bundle,org.eclipse.ui.views,3.4.1.M20090826-0800,"org.eclipse.ui.views",1291621371508
started,bundle,org.eclipse.ui.workbench,3.5.2.M20100113-0800,"org.eclipse.ui.workbench",1291621371520
started,bundle,org.eclipse.ui.workbench.texteditor,3.5.1.r352_v20100105,"org.eclipse.ui.workbench.texteditor",1291621371531
started,bundle,org.eclipse.update.configurator,3.3.0.v20090312,"org.eclipse.update.configurator",1291621371545
started,bundle,org.eclipse.update.core,3.2.300.v20090525,"org.eclipse.update.core",1291621371557
started,bundle,org.eclipse.update.scheduler,3.2.200.v20081127,"org.eclipse.update.scheduler",1291621371569
os,sysinfo,,,"macosx",1291621371574
arch,sysinfo,,,"x86",1291621371574
ws,sysinfo,,,"cocoa",1291621371574
locale,sysinfo,,,"sv_SE",1291621371574
processors,sysinfo,,,"2",1291621371574
java.runtime.name,sysinfo,,,"Java(TM) SE Runtime Environment",1291621371574
java.runtime.version,sysinfo,,,"1.6.0_22-b04-307-10M3261",1291621371574
java.specification.name,sysinfo,,,"Java Platform API Specification",1291621371574
java.specification.vendor,sysinfo,,,"Sun Microsystems Inc.",1291621371574
java.specification.version,sysinfo,,,"1.6",1291621371574
java.vendor,sysinfo,,,"Apple Inc.",1291621371574
java.version,sysinfo,,,"1.6.0_22",1291621371574
java.vm.info,sysinfo,,,"mixed mode",1291621371574
java.vm.name,sysinfo,,,"Java HotSpot(TM) Client VM",1291621371574
java.vm.specification.name,sysinfo,,,"Java Virtual Machine Specification",1291621371574
java.vm.specification.vendor,sysinfo,,,"Sun Microsystems Inc.",1291621371574
java.vm.specification.version,sysinfo,,,"1.0",1291621371574
java.vm.vendor,sysinfo,,,"Apple Inc.",1291621371574
java.vm.version,sysinfo,,,"17.1-b03-307",1291621371574
activated,view,org.eclipse.jdt.ui,3.5.2.r352_v20100106-0800,"org.eclipse.jdt.ui.PackageExplorer",1291621374344
closed,editor,org.eclipse.jdt.ui,3.5.2.r352_v20100106-0800,"org.eclipse.jdt.ui.CompilationUnitEditor",1291621374374
closed,workbench,org.eclipse.ui.workbench,3.5.2.M20100113-0800,"",1291621388883
stopped,bundle,org.eclipse.mylyn.ide.ant,3.2.3.v20100217-0100-e3x,"org.eclipse.mylyn.ide.ant",1291621389742
stopped,bundle,org.eclipse.ant.ui,3.4.2.v20091204_r352,"org.eclipse.ant.ui",1291621389779
stopped,bundle,org.eclipse.mylyn.java.tasks,3.2.3.v20100217-0100-e3x,"org.eclipse.mylyn.java.tasks",1291621389797
stopped,bundle,org.eclipse.mylyn.java.ui,3.2.3.v20100217-0100-e3x,"org.eclipse.mylyn.java.ui",1291621389807
stopped,bundle,org.eclipse.jdt.junit,3.5.2.r352_v20100113-0800,"org.eclipse.jdt.junit",1291621389813
activated,perspective,org.eclipse.jdt.ui,,"org.eclipse.jdt.ui.JavaPerspective",1298645451842
started,bundle,org.eclipse.osgi,3.5.2.R35x_v20100126,"org.eclipse.osgi",1298645451843
started,bundle,org.eclipse.equinox.simpleconfigurator,1.0.101.R35x_v20090807-1100,"org.eclipse.equinox.simpleconfigurator",1298645451851
started,bundle,com.ibm.icu,4.0.1.v20090822,"com.ibm.icu",1298645451875
started,bundle,org.eclipse.core.contenttype,3.4.1.R35x_v20090826-0451,"org.eclipse.core.contenttype",1298645451889
started,bundle,org.eclipse.core.databinding.observable,1.2.0.M20090902-0800,"org.eclipse.core.databinding.observable",1298645451946
started,bundle,org.eclipse.core.expressions,3.4.101.R35x_v20100209,"org.eclipse.core.expressions",1298645451960
started,bundle,org.eclipse.core.filebuffers,3.5.0.v20090526-2000,"org.eclipse.core.filebuffers",1298645451976
started,bundle,org.eclipse.core.filesystem,1.2.1.R35x_v20091203-1235,"org.eclipse.core.filesystem",1298645452010
started,bundle,org.eclipse.core.jobs,3.4.100.v20090429-1800,"org.eclipse.core.jobs",1298645452035
started,bundle,org.eclipse.core.net,1.2.1.r35x_20090812-1200,"org.eclipse.core.net",1298645452037
started,bundle,org.eclipse.core.resources,3.5.2.R35x_v20091203-1235,"org.eclipse.core.resources",1298645452061
started,bundle,org.eclipse.core.runtime,3.5.0.v20090525,"org.eclipse.core.runtime",1298645452087
started,bundle,org.eclipse.core.runtime.compatibility,3.2.0.v20090413,"org.eclipse.core.runtime.compatibility",1298645452131
started,bundle,org.eclipse.core.runtime.compatibility.auth,3.2.100.v20090413,"org.eclipse.core.runtime.compatibility.auth",1298645452141
started,bundle,org.eclipse.debug.core,3.5.1.v20091103_r352,"org.eclipse.debug.core",1298645452152
started,bundle,org.eclipse.ecf.filetransfer,3.0.0.v20090831-1906,"org.eclipse.ecf.filetransfer",1298645452162
started,bundle,org.eclipse.epp.usagedata.gathering,1.1.1.R201001291118,"org.eclipse.epp.usagedata.gathering",1298645452192
started,bundle,org.eclipse.epp.usagedata.recording,1.1.1.R201001291118,"org.eclipse.epp.usagedata.recording",1298645452242
started,bundle,org.eclipse.equinox.app,1.2.1.R35x_v20091203,"org.eclipse.equinox.app",1298645452255
started,bundle,org.eclipse.equinox.common,3.5.1.R35x_v20090807-1100,"org.eclipse.equinox.common",1298645452272
started,bundle,org.eclipse.equinox.ds,1.1.1.R35x_v20090806,"org.eclipse.equinox.ds",1298645452284
started,bundle,org.eclipse.equinox.frameworkadmin,1.0.100.v20090520-1905,"org.eclipse.equinox.frameworkadmin",1298645452315
started,bundle,org.eclipse.equinox.frameworkadmin.equinox,1.0.101.R35x_v20091214,"org.eclipse.equinox.frameworkadmin.equinox",1298645452329
started,bundle,org.eclipse.equinox.p2.core,1.0.101.R35x_v20090819,"org.eclipse.equinox.p2.core",1298645452393
started,bundle,org.eclipse.equinox.p2.director,1.0.101.R35x_v20100112,"org.eclipse.equinox.p2.director",1298645452422
started,bundle,org.eclipse.equinox.p2.directorywatcher,1.0.100.v20090525,"org.eclipse.equinox.p2.directorywatcher",1298645452432
started,bundle,org.eclipse.equinox.p2.engine,1.0.102.R35x_v20091117,"org.eclipse.equinox.p2.engine",1298645452452
started,bundle,org.eclipse.equinox.p2.exemplarysetup,1.0.100.v20090520-1905,"org.eclipse.equinox.p2.exemplarysetup",1298645452459
started,bundle,org.eclipse.equinox.p2.garbagecollector,1.0.100.v20090520-1905,"org.eclipse.equinox.p2.garbagecollector",1298645452477
started,bundle,org.eclipse.equinox.p2.metadata.repository,1.0.101.R35x_v20090812,"org.eclipse.equinox.p2.metadata.repository",1298645452504
started,bundle,org.eclipse.equinox.p2.reconciler.dropins,1.0.100.v20090520-1905,"org.eclipse.equinox.p2.reconciler.dropins",1298645452511
started,bundle,org.eclipse.equinox.p2.repository,1.0.1.R35x_v20100105,"org.eclipse.equinox.p2.repository",1298645452515
started,bundle,org.eclipse.equinox.p2.ui.sdk.scheduler,1.0.0.v20090520-1905,"org.eclipse.equinox.p2.ui.sdk.scheduler",1298645452537
started,bundle,org.eclipse.equinox.p2.updatechecker,1.1.0.v20090520-1905,"org.eclipse.equinox.p2.updatechecker",1298645452538
started,bundle,org.eclipse.equinox.preferences,3.2.301.R35x_v20091117,"org.eclipse.equinox.preferences",1298645452539
started,bundle,org.eclipse.equinox.registry,3.4.100.v20090520-1800,"org.eclipse.equinox.registry",1298645452566
started,bundle,org.eclipse.equinox.security,1.0.100.v20090520-1800,"org.eclipse.equinox.security",1298645452608
started,bundle,org.eclipse.equinox.simpleconfigurator.manipulator,1.0.101.R35x_v20100209,"org.eclipse.equinox.simpleconfigurator.manipulator",1298645452621
started,bundle,org.eclipse.equinox.util,1.0.100.v20090520-1800,"org.eclipse.equinox.util",1298645452640
started,bundle,org.eclipse.help,3.4.1.v20090805_35x,"org.eclipse.help",1298645452674
started,bundle,org.eclipse.jdt.core,3.5.2.v_981_R35x,"org.eclipse.jdt.core",1298645452681
started,bundle,org.eclipse.jdt.core.manipulation,1.3.0.v20090603,"org.eclipse.jdt.core.manipulation",1298645452702
started,bundle,org.eclipse.jdt.junit,3.5.2.r352_v20100113-0800,"org.eclipse.jdt.junit",1298645452727
started,bundle,org.eclipse.jdt.launching,3.5.1.v20100108_r352,"org.eclipse.jdt.launching",1298645452756
started,bundle,org.eclipse.jdt.launching.macosx,3.2.0.v20090527,"org.eclipse.jdt.launching.macosx",1298645452765
started,bundle,org.eclipse.jdt.ui,3.5.2.r352_v20100106-0800,"org.eclipse.jdt.ui",1298645452798
started,bundle,org.eclipse.jface,3.5.2.M20100120-0800,"org.eclipse.jface",1298645452810
started,bundle,org.eclipse.jsch.core,1.1.100.I20090430-0408,"org.eclipse.jsch.core",1298645452825
started,bundle,org.eclipse.mylyn.bugzilla.core,3.2.3.v20100217-0100-e3x,"org.eclipse.mylyn.bugzilla.core",1298645452834
started,bundle,org.eclipse.mylyn.bugzilla.ui,3.2.3.v20100217-0100-e3x,"org.eclipse.mylyn.bugzilla.ui",1298645452849
started,bundle,org.eclipse.mylyn.commons.net,3.2.0.v20090617-0100-e3x,"org.eclipse.mylyn.commons.net",1298645452849
started,bundle,org.eclipse.mylyn.commons.ui,3.2.3.v20100217-0100-e3x,"org.eclipse.mylyn.commons.ui",1298645452862
started,bundle,org.eclipse.mylyn.context.core,3.2.3.v20100217-0100-e3x,"org.eclipse.mylyn.context.core",1298645452875
started,bundle,org.eclipse.mylyn.context.ui,3.2.3.v20100217-0100-e3x,"org.eclipse.mylyn.context.ui",1298645452903
started,bundle,org.eclipse.mylyn.monitor.ui,3.2.3.v20100217-0100-e3x,"org.eclipse.mylyn.monitor.ui",1298645452912
started,bundle,org.eclipse.mylyn.tasks.ui,3.2.3.v20100217-0100-e3x,"org.eclipse.mylyn.tasks.ui",1298645452947
started,bundle,org.eclipse.mylyn.team.ui,3.2.3.v20100217-0100-e3x,"org.eclipse.mylyn.team.ui",1298645452963
started,bundle,org.eclipse.search,3.5.1.r351_v20090708-0800,"org.eclipse.search",1298645452982
started,bundle,org.eclipse.team.core,3.5.1.r35x_20100113-0800,"org.eclipse.team.core",1298645453027
started,bundle,org.eclipse.team.cvs.core,3.3.200.I20090430-0408,"org.eclipse.team.cvs.core",1298645453044
started,bundle,org.eclipse.team.ui,3.5.0.I20090430-0408,"org.eclipse.team.ui",1298645453063
started,bundle,org.eclipse.ui,3.5.2.M20100120-0800,"org.eclipse.ui",1298645453071
started,bundle,org.eclipse.ui.console,3.4.0.v20090513,"org.eclipse.ui.console",1298645453117
started,bundle,org.eclipse.ui.editors,3.5.0.v20090527-2000,"org.eclipse.ui.editors",1298645453127
started,bundle,org.eclipse.ui.forms,3.4.1.v20090714_35x,"org.eclipse.ui.forms",1298645453146
started,bundle,org.eclipse.ui.ide,3.5.2.M20100113-0800,"org.eclipse.ui.ide",1298645453162
started,bundle,org.eclipse.ui.net,1.2.1.r35x_20090812-1200,"org.eclipse.ui.net",1298645453174
started,bundle,org.eclipse.ui.views,3.4.1.M20090826-0800,"org.eclipse.ui.views",1298645453195
started,bundle,org.eclipse.ui.workbench,3.5.2.M20100113-0800,"org.eclipse.ui.workbench",1298645453206
started,bundle,org.eclipse.ui.workbench.texteditor,3.5.1.r352_v20100105,"org.eclipse.ui.workbench.texteditor",1298645453217
started,bundle,org.eclipse.update.configurator,3.3.0.v20090312,"org.eclipse.update.configurator",1298645453230
os,sysinfo,,,"macosx",1298645453235
arch,sysinfo,,,"x86",1298645453235
ws,sysinfo,,,"cocoa",1298645453235
locale,sysinfo,,,"sv_SE",1298645453235
processors,sysinfo,,,"2",1298645453235
java.runtime.name,sysinfo,,,"Java(TM) SE Runtime Environment",1298645453235
java.runtime.version,sysinfo,,,"1.6.0_22-b04-307-10M3261",1298645453235
java.specification.name,sysinfo,,,"Java Platform API Specification",1298645453235
java.specification.vendor,sysinfo,,,"Sun Microsystems Inc.",1298645453235
java.specification.version,sysinfo,,,"1.6",1298645453235
java.vendor,sysinfo,,,"Apple Inc.",1298645453235
java.version,sysinfo,,,"1.6.0_22",1298645453235
java.vm.info,sysinfo,,,"mixed mode",1298645453235
java.vm.name,sysinfo,,,"Java HotSpot(TM) Client VM",1298645453235
java.vm.specification.name,sysinfo,,,"Java Virtual Machine Specification",1298645453235
java.vm.specification.vendor,sysinfo,,,"Sun Microsystems Inc.",1298645453235
java.vm.specification.version,sysinfo,,,"1.0",1298645453235
java.vm.vendor,sysinfo,,,"Apple Inc.",1298645453235
java.vm.version,sysinfo,,,"17.1-b03-307",1298645453235
started,bundle,org.eclipse.update.scheduler,3.2.200.v20081127,"org.eclipse.update.scheduler",1298645453376
started,bundle,org.eclipse.update.core,3.2.300.v20090525,"org.eclipse.update.core",1298645453413
started,bundle,org.eclipse.epp.usagedata.ui,1.1.1.R201001291118,"org.eclipse.epp.usagedata.ui",1298645454318
deactivated,workbench,org.eclipse.ui.workbench,3.5.2.M20100113-0800,"",1298645454956
activated,workbench,org.eclipse.ui.workbench,3.5.2.M20100113-0800,"",1298645456640
started,bundle,org.eclipse.ltk.core.refactoring,3.5.0.v20090513-2000,"org.eclipse.ltk.core.refactoring",1298645460058
started,bundle,org.eclipse.ltk.ui.refactoring,3.4.101.r352_v20100209,"org.eclipse.ltk.ui.refactoring",1298645460071
started,bundle,org.eclipse.compare.core,3.5.0.I20090430-0408,"org.eclipse.compare.core",1298645467336
opened,editor,org.eclipse.jdt.ui,3.5.2.r352_v20100106-0800,"org.eclipse.jdt.ui.CompilationUnitEditor",1298645467495
activated,editor,org.eclipse.jdt.ui,3.5.2.r352_v20100106-0800,"org.eclipse.jdt.ui.CompilationUnitEditor",1298645467694
started,bundle,org.eclipse.jdt.apt.core,3.3.202.R35x_v20091130-2300,"org.eclipse.jdt.apt.core",1298645468660
started,bundle,org.eclipse.jdt.apt.pluggable.core,1.0.201.R35x_v20090925-1100,"org.eclipse.jdt.apt.pluggable.core",1298645468686
started,bundle,org.eclipse.core.variables,3.2.200.v20090521,"org.eclipse.core.variables",1298645468792
started,bundle,org.eclipse.debug.ui,3.5.2.v20091028_r352,"org.eclipse.debug.ui",1298645621940
started,bundle,org.eclipse.jdt.debug,3.5.0.v20090526,"org.eclipse.jdt.debug",1298645622665
started,bundle,org.eclipse.jdt.debug.ui,3.4.1.v20090811_r351,"org.eclipse.jdt.debug.ui",1298645622921
deactivated,workbench,org.eclipse.ui.workbench,3.5.2.M20100113-0800,"",1298645623113
activated,workbench,org.eclipse.ui.workbench,3.5.2.M20100113-0800,"",1298645625251
activated,view,org.eclipse.jdt.ui,3.5.2.r352_v20100106-0800,"org.eclipse.jdt.ui.PackageExplorer",1298645637670
deactivated,workbench,org.eclipse.ui.workbench,3.5.2.M20100113-0800,"",1298645640678
activated,workbench,org.eclipse.ui.workbench,3.5.2.M20100113-0800,"",1298645642512
deactivated,workbench,org.eclipse.ui.workbench,3.5.2.M20100113-0800,"",1298645643092
activated,workbench,org.eclipse.ui.workbench,3.5.2.M20100113-0800,"",1298645721316
deactivated,workbench,org.eclipse.ui.workbench,3.5.2.M20100113-0800,"",1298645722241
activated,workbench,org.eclipse.ui.workbench,3.5.2.M20100113-0800,"",1298645723342
deactivated,workbench,org.eclipse.ui.workbench,3.5.2.M20100113-0800,"",1298645762568
activated,workbench,org.eclipse.ui.workbench,3.5.2.M20100113-0800,"",1298645763959
closed,workbench,org.eclipse.ui.workbench,3.5.2.M20100113-0800,"",1298645764216
stopped,bundle,org.eclipse.mylyn.ide.ant,3.2.3.v20100217-0100-e3x,"org.eclipse.mylyn.ide.ant",1298645764882
stopped,bundle,org.eclipse.ant.ui,3.4.2.v20091204_r352,"org.eclipse.ant.ui",1298645764902
stopped,bundle,org.eclipse.mylyn.java.tasks,3.2.3.v20100217-0100-e3x,"org.eclipse.mylyn.java.tasks",1298645764922
stopped,bundle,org.eclipse.mylyn.java.ui,3.2.3.v20100217-0100-e3x,"org.eclipse.mylyn.java.ui",1298645764932
stopped,bundle,org.eclipse.jdt.junit,3.5.2.r352_v20100113-0800,"org.eclipse.jdt.junit",1298645764932
stopped,bundle,org.eclipse.jdt.apt.ui,3.3.200.v20090930-2100_R35x,"org.eclipse.jdt.apt.ui",1298645764934
stopped,bundle,org.eclipse.jdt.debug.ui,3.4.1.v20090811_r351,"org.eclipse.jdt.debug.ui",1298645764934
stopped,bundle,org.eclipse.jdt.ui,3.5.2.r352_v20100106-0800,"org.eclipse.jdt.ui",1298645764935
stopped,bundle,org.eclipse.mylyn.bugzilla.ui,3.2.3.v20100217-0100-e3x,"org.eclipse.mylyn.bugzilla.ui",1298645764936
stopped,bundle,org.eclipse.mylyn.ide.ui,3.2.3.v20100217-0100-e3x,"org.eclipse.mylyn.ide.ui",1298645764956
stopped,bundle,org.eclipse.mylyn.team.ui,3.2.3.v20100217-0100-e3x,"org.eclipse.mylyn.team.ui",1298645764956
activated,perspective,org.eclipse.jdt.ui,,"org.eclipse.jdt.ui.JavaPerspective",1299859087620
started,bundle,org.eclipse.osgi,3.5.2.R35x_v20100126,"org.eclipse.osgi",1299859087621
started,bundle,org.eclipse.equinox.simpleconfigurator,1.0.101.R35x_v20090807-1100,"org.eclipse.equinox.simpleconfigurator",1299859087622
started,bundle,com.ibm.icu,4.0.1.v20090822,"com.ibm.icu",1299859087623
started,bundle,org.eclipse.compare.core,3.5.0.I20090430-0408,"org.eclipse.compare.core",1299859087636
started,bundle,org.eclipse.core.contenttype,3.4.1.R35x_v20090826-0451,"org.eclipse.core.contenttype",1299859087637
started,bundle,org.eclipse.core.databinding.observable,1.2.0.M20090902-0800,"org.eclipse.core.databinding.observable",1299859087638
started,bundle,org.eclipse.core.expressions,3.4.101.R35x_v20100209,"org.eclipse.core.expressions",1299859087639
started,bundle,org.eclipse.core.filebuffers,3.5.0.v20090526-2000,"org.eclipse.core.filebuffers",1299859087639
started,bundle,org.eclipse.core.filesystem,1.2.1.R35x_v20091203-1235,"org.eclipse.core.filesystem",1299859087649
started,bundle,org.eclipse.core.jobs,3.4.100.v20090429-1800,"org.eclipse.core.jobs",1299859087664
started,bundle,org.eclipse.core.net,1.2.1.r35x_20090812-1200,"org.eclipse.core.net",1299859087665
started,bundle,org.eclipse.core.resources,3.5.2.R35x_v20091203-1235,"org.eclipse.core.resources",1299859087666
started,bundle,org.eclipse.core.runtime,3.5.0.v20090525,"org.eclipse.core.runtime",1299859087667
started,bundle,org.eclipse.core.runtime.compatibility,3.2.0.v20090413,"org.eclipse.core.runtime.compatibility",1299859087667
started,bundle,org.eclipse.core.runtime.compatibility.auth,3.2.100.v20090413,"org.eclipse.core.runtime.compatibility.auth",1299859087681
started,bundle,org.eclipse.core.variables,3.2.200.v20090521,"org.eclipse.core.variables",1299859087682
started,bundle,org.eclipse.debug.core,3.5.1.v20091103_r352,"org.eclipse.debug.core",1299859087683
started,bundle,org.eclipse.ecf.filetransfer,3.0.0.v20090831-1906,"org.eclipse.ecf.filetransfer",1299859087684
started,bundle,org.eclipse.epp.usagedata.gathering,1.1.1.R201001291118,"org.eclipse.epp.usagedata.gathering",1299859087685
started,bundle,org.eclipse.epp.usagedata.recording,1.1.1.R201001291118,"org.eclipse.epp.usagedata.recording",1299859087685
started,bundle,org.eclipse.equinox.app,1.2.1.R35x_v20091203,"org.eclipse.equinox.app",1299859087686
started,bundle,org.eclipse.equinox.common,3.5.1.R35x_v20090807-1100,"org.eclipse.equinox.common",1299859087690
started,bundle,org.eclipse.equinox.ds,1.1.1.R35x_v20090806,"org.eclipse.equinox.ds",1299859087690
started,bundle,org.eclipse.equinox.frameworkadmin,1.0.100.v20090520-1905,"org.eclipse.equinox.frameworkadmin",1299859087691
started,bundle,org.eclipse.equinox.frameworkadmin.equinox,1.0.101.R35x_v20091214,"org.eclipse.equinox.frameworkadmin.equinox",1299859087703
started,bundle,org.eclipse.equinox.p2.core,1.0.101.R35x_v20090819,"org.eclipse.equinox.p2.core",1299859087704
started,bundle,org.eclipse.equinox.p2.director,1.0.101.R35x_v20100112,"org.eclipse.equinox.p2.director",1299859087705
started,bundle,org.eclipse.equinox.p2.directorywatcher,1.0.100.v20090525,"org.eclipse.equinox.p2.directorywatcher",1299859087706
started,bundle,org.eclipse.equinox.p2.engine,1.0.102.R35x_v20091117,"org.eclipse.equinox.p2.engine",1299859087707
started,bundle,org.eclipse.equinox.p2.exemplarysetup,1.0.100.v20090520-1905,"org.eclipse.equinox.p2.exemplarysetup",1299859087707
started,bundle,org.eclipse.equinox.p2.garbagecollector,1.0.100.v20090520-1905,"org.eclipse.equinox.p2.garbagecollector",1299859087708
started,bundle,org.eclipse.equinox.p2.metadata.repository,1.0.101.R35x_v20090812,"org.eclipse.equinox.p2.metadata.repository",1299859087708
started,bundle,org.eclipse.equinox.p2.reconciler.dropins,1.0.100.v20090520-1905,"org.eclipse.equinox.p2.reconciler.dropins",1299859087709
started,bundle,org.eclipse.equinox.p2.repository,1.0.1.R35x_v20100105,"org.eclipse.equinox.p2.repository",1299859087721
started,bundle,org.eclipse.equinox.p2.ui.sdk.scheduler,1.0.0.v20090520-1905,"org.eclipse.equinox.p2.ui.sdk.scheduler",1299859087722
started,bundle,org.eclipse.equinox.p2.updatechecker,1.1.0.v20090520-1905,"org.eclipse.equinox.p2.updatechecker",1299859087723
started,bundle,org.eclipse.equinox.preferences,3.2.301.R35x_v20091117,"org.eclipse.equinox.preferences",1299859087738
started,bundle,org.eclipse.equinox.registry,3.4.100.v20090520-1800,"org.eclipse.equinox.registry",1299859087747
started,bundle,org.eclipse.equinox.security,1.0.100.v20090520-1800,"org.eclipse.equinox.security",1299859087758
started,bundle,org.eclipse.equinox.simpleconfigurator.manipulator,1.0.101.R35x_v20100209,"org.eclipse.equinox.simpleconfigurator.manipulator",1299859087772
started,bundle,org.eclipse.equinox.util,1.0.100.v20090520-1800,"org.eclipse.equinox.util",1299859087782
started,bundle,org.eclipse.help,3.4.1.v20090805_35x,"org.eclipse.help",1299859087783
started,bundle,org.eclipse.jdt.apt.core,3.3.202.R35x_v20091130-2300,"org.eclipse.jdt.apt.core",1299859087784
started,bundle,org.eclipse.jdt.apt.pluggable.core,1.0.201.R35x_v20090925-1100,"org.eclipse.jdt.apt.pluggable.core",1299859087785
started,bundle,org.eclipse.jdt.core,3.5.2.v_981_R35x,"org.eclipse.jdt.core",1299859087799
started,bundle,org.eclipse.jdt.core.manipulation,1.3.0.v20090603,"org.eclipse.jdt.core.manipulation",1299859087808
started,bundle,org.eclipse.jdt.junit,3.5.2.r352_v20100113-0800,"org.eclipse.jdt.junit",1299859087810
started,bundle,org.eclipse.jdt.launching,3.5.1.v20100108_r352,"org.eclipse.jdt.launching",1299859087811
started,bundle,org.eclipse.jdt.launching.macosx,3.2.0.v20090527,"org.eclipse.jdt.launching.macosx",1299859087811
started,bundle,org.eclipse.jdt.ui,3.5.2.r352_v20100106-0800,"org.eclipse.jdt.ui",1299859087811
started,bundle,org.eclipse.jface,3.5.2.M20100120-0800,"org.eclipse.jface",1299859087812
started,bundle,org.eclipse.jsch.core,1.1.100.I20090430-0408,"org.eclipse.jsch.core",1299859087813
started,bundle,org.eclipse.ltk.core.refactoring,3.5.0.v20090513-2000,"org.eclipse.ltk.core.refactoring",1299859087813
started,bundle,org.eclipse.ltk.ui.refactoring,3.4.101.r352_v20100209,"org.eclipse.ltk.ui.refactoring",1299859087814
started,bundle,org.eclipse.mylyn.bugzilla.core,3.2.3.v20100217-0100-e3x,"org.eclipse.mylyn.bugzilla.core",1299859087829
started,bundle,org.eclipse.mylyn.bugzilla.ui,3.2.3.v20100217-0100-e3x,"org.eclipse.mylyn.bugzilla.ui",1299859087830
started,bundle,org.eclipse.mylyn.commons.net,3.2.0.v20090617-0100-e3x,"org.eclipse.mylyn.commons.net",1299859087830
started,bundle,org.eclipse.mylyn.commons.ui,3.2.3.v20100217-0100-e3x,"org.eclipse.mylyn.commons.ui",1299859087835
started,bundle,org.eclipse.mylyn.context.core,3.2.3.v20100217-0100-e3x,"org.eclipse.mylyn.context.core",1299859087836
started,bundle,org.eclipse.mylyn.context.ui,3.2.3.v20100217-0100-e3x,"org.eclipse.mylyn.context.ui",1299859087837
started,bundle,org.eclipse.mylyn.monitor.ui,3.2.3.v20100217-0100-e3x,"org.eclipse.mylyn.monitor.ui",1299859087837
started,bundle,org.eclipse.mylyn.tasks.ui,3.2.3.v20100217-0100-e3x,"org.eclipse.mylyn.tasks.ui",1299859087838
started,bundle,org.eclipse.mylyn.team.ui,3.2.3.v20100217-0100-e3x,"org.eclipse.mylyn.team.ui",1299859087839
started,bundle,org.eclipse.search,3.5.1.r351_v20090708-0800,"org.eclipse.search",1299859087843
started,bundle,org.eclipse.team.core,3.5.1.r35x_20100113-0800,"org.eclipse.team.core",1299859087844
started,bundle,org.eclipse.team.cvs.core,3.3.200.I20090430-0408,"org.eclipse.team.cvs.core",1299859087845
started,bundle,org.eclipse.team.cvs.ui,3.3.202.r35x_20090930-0800,"org.eclipse.team.cvs.ui",1299859087846
started,bundle,org.eclipse.team.ui,3.5.0.I20090430-0408,"org.eclipse.team.ui",1299859087847
started,bundle,org.eclipse.ui,3.5.2.M20100120-0800,"org.eclipse.ui",1299859087848
started,bundle,org.eclipse.ui.console,3.4.0.v20090513,"org.eclipse.ui.console",1299859087849
started,bundle,org.eclipse.ui.editors,3.5.0.v20090527-2000,"org.eclipse.ui.editors",1299859087849
started,bundle,org.eclipse.ui.forms,3.4.1.v20090714_35x,"org.eclipse.ui.forms",1299859087850
started,bundle,org.eclipse.ui.ide,3.5.2.M20100113-0800,"org.eclipse.ui.ide",1299859087851
started,bundle,org.eclipse.ui.net,1.2.1.r35x_20090812-1200,"org.eclipse.ui.net",1299859087851
